{"cameraMode":{"drawMode":0,"name":"Shaded","section":"Shading Mode"},"sceneLighting":false,"audioPlay":false,"sceneViewState":{"showFog":true,"showMaterialUpdate":false,"showSkybox":false,"showFlares":true,"showImageEffects":true,"showParticleSystems":true},"in2DMode":false,"pivot":{"x":-0.48797309398651125,"y":0.0673600435256958,"z":-0.601952075958252},"rotation":{"x":-0.03541576489806175,"y":0.9580246210098267,"z":-0.2500494122505188,"w":-0.13568982481956483},"size":1.098966360092163,"orthographic":false}