{"cameraMode":{"drawMode":0,"name":"Shaded","section":"Shading Mode"},"sceneLighting":true,"audioPlay":false,"sceneViewState":{"showFog":true,"showMaterialUpdate":false,"showSkybox":true,"showFlares":true,"showImageEffects":true,"showParticleSystems":true},"in2DMode":false,"pivot":{"x":13.512771606445313,"y":1.0488910675048829,"z":-8.238248825073243},"rotation":{"x":0.044540759176015857,"y":0.8703814148902893,"z":-0.08013451844453812,"w":0.48377546668052676},"size":10.0,"orthographic":false}