{"cameraMode":{"drawMode":0,"name":"Shaded","section":"Shading Mode"},"sceneLighting":false,"audioPlay":false,"sceneViewState":{"showFog":true,"showMaterialUpdate":false,"showSkybox":false,"showFlares":true,"showImageEffects":true,"showParticleSystems":true},"in2DMode":false,"pivot":{"x":-1.2498114109039307,"y":1.2506730556488038,"z":-0.02292250283062458},"rotation":{"x":0.11145618557929993,"y":0.7708399295806885,"z":-0.140498086810112,"w":0.6113063097000122},"size":0.8660255074501038,"orthographic":false}