{"cameraMode":{"drawMode":0,"name":"Shaded","section":"Shading Mode"},"sceneLighting":true,"audioPlay":false,"sceneViewState":{"showFog":true,"showMaterialUpdate":false,"showSkybox":true,"showFlares":true,"showImageEffects":true,"showParticleSystems":true},"in2DMode":false,"pivot":{"x":2.4960780143737795,"y":4.692331314086914,"z":3.007413864135742},"rotation":{"x":0.02553419955074787,"y":-0.9648905396461487,"z":0.10659316182136536,"w":0.2394748330116272},"size":0.9400684833526611,"orthographic":false}