{"cameraMode":{"drawMode":0,"name":"Shaded","section":"Shading Mode"},"sceneLighting":false,"audioPlay":false,"sceneViewState":{"showFog":true,"showMaterialUpdate":false,"showSkybox":false,"showFlares":true,"showImageEffects":true,"showParticleSystems":true},"in2DMode":false,"pivot":{"x":5.960464477539063e-8,"y":0.5,"z":-1.1920928955078126e-7},"rotation":{"x":-0.13714094460010529,"y":-0.7216617465019226,"z":0.14952807128429414,"w":-0.6618739366531372},"size":0.8660284876823425,"orthographic":false}