{"cameraMode":{"drawMode":0,"name":"Shaded","section":"Shading Mode"},"sceneLighting":true,"audioPlay":false,"sceneViewState":{"showFog":true,"showMaterialUpdate":false,"showSkybox":true,"showFlares":true,"showImageEffects":true,"showParticleSystems":true},"in2DMode":false,"pivot":{"x":12.563947677612305,"y":-0.16253280639648438,"z":-7.039590358734131},"rotation":{"x":0.0878872349858284,"y":0.8393093943595886,"z":-0.14261353015899659,"w":0.5172409415245056},"size":10.0,"orthographic":false}